City_ID,City,Country,Date,Lat,Lng,Max Temp,Humidity,Cloudiness,Wind Speed
0,Hermanus,ZA,2022-01-25 20:02:17,-34.4187,19.2345,67.8,73,70,14.85
1,Isangel,VU,2022-01-25 20:06:07,-19.55,169.2667,81.95,80,10,2.66
2,Fare,PF,2022-01-25 20:07:28,-16.7,-151.0167,80.44,79,97,15.93
3,Arraial Do Cabo,BR,2022-01-25 20:03:27,-22.9661,-42.0278,80.46,74,0,27.63
4,Havelock,US,2022-01-25 20:07:29,34.8791,-76.9013,56.05,71,100,1.99
5,Bluff,NZ,2022-01-25 20:00:55,-46.6,168.3333,52.81,86,100,7.49
6,Mount Gambier,AU,2022-01-25 20:07:29,-37.8333,140.7667,70.83,68,17,5.14
7,Saravan,AM,2022-01-25 20:07:29,39.7196,45.6483,16.45,84,18,6.78
8,Almeirim,BR,2022-01-25 20:07:30,-1.5233,-52.5817,87.78,56,100,5.59
9,Bethel,US,2022-01-25 20:03:17,41.3712,-73.414,41.36,60,20,1.01
10,Saint-Felicien,CA,2022-01-25 20:07:30,48.6501,-72.4491,7.48,78,100,5.75
11,Cape Town,ZA,2022-01-25 20:02:21,-33.9258,18.4232,68.34,73,0,8.01
12,Narsaq,GL,2022-01-25 20:01:09,60.9167,-46.05,25.02,73,100,11.18
13,Nioro,GM,2022-01-25 20:07:31,13.35,-15.75,86.36,8,100,8.41
14,Bayji,IQ,2022-01-25 20:07:31,34.9311,43.487,49.5,49,89,2.84
15,Pueblo,US,2022-01-25 20:05:08,38.2545,-104.6091,39.38,61,100,14.0
16,Cabo San Lucas,MX,2022-01-25 20:04:43,22.8909,-109.9124,77.5,43,0,6.91
17,Sorkjosen,NO,2022-01-25 20:07:32,69.8,20.9333,27.82,82,100,22.59
18,Blackwater,AU,2022-01-25 20:07:32,-23.5833,148.8833,73.99,78,100,6.13
19,Busselton,AU,2022-01-25 20:00:58,-33.65,115.3333,61.05,87,0,9.4
20,San Juan,AR,2022-01-25 20:06:34,-31.5375,-68.5364,96.71,30,4,14.47
21,Vaini,TO,2022-01-25 20:04:42,-21.2,-175.2,79.68,71,34,16.04
22,Tilichiki,RU,2022-01-25 20:07:33,60.4667,166.1,-18.31,95,100,9.42
23,Henties Bay,NA,2022-01-25 20:04:43,-22.116,14.2845,66.85,82,6,7.74
24,Graaff-Reinet,ZA,2022-01-25 20:07:33,-32.2522,24.5308,69.93,75,17,7.76
25,Rikitea,PF,2022-01-25 20:01:09,-23.1203,-134.9692,78.57,72,100,18.07
26,Lianzhou,CN,2022-01-25 20:07:33,24.7811,112.3825,53.46,88,100,0.83
27,Waw,SS,2022-01-25 20:07:34,7.7029,27.9953,78.69,22,54,4.76
28,Margate,GB,2022-01-25 20:07:34,51.3813,1.3862,36.97,83,100,5.01
29,Albany,US,2022-01-25 19:59:34,42.6001,-73.9662,33.1,54,100,9.51
30,Faanui,PF,2022-01-25 20:02:15,-16.4833,-151.75,81.14,75,100,15.68
31,Caxito,AO,2022-01-25 20:07:35,-8.5785,13.6643,75.74,84,95,3.29
32,Ushuaia,AR,2022-01-25 20:00:56,-54.8,-68.3,43.02,93,90,8.12
33,Sarkand,KZ,2022-01-25 20:07:35,45.41,79.9186,13.91,75,67,6.64
34,Marzuq,YE,2022-01-25 20:07:35,14.4,46.4667,60.62,28,12,2.3
35,Puerto Ayora,EC,2022-01-25 20:01:08,-0.7393,-90.3518,76.53,76,81,8.75
36,Grand-Santi,GF,2022-01-25 20:07:36,4.25,-54.3833,77.54,95,81,3.29
37,Miraflores,MX,2022-01-25 20:07:36,19.2167,-98.8083,70.03,35,0,4.18
38,Bilma,NE,2022-01-25 20:07:36,18.6853,12.9164,60.04,19,0,12.97
39,Cherskiy,RU,2022-01-25 20:02:15,68.75,161.3,-42.43,100,92,5.37
40,Half Moon Bay,US,2022-01-25 20:07:37,37.4636,-122.4286,64.58,76,0,1.99
41,Butaritari,KI,2022-01-25 20:01:08,3.0707,172.7902,81.55,80,76,16.89
42,Tete,MZ,2022-01-25 20:07:37,-16.1564,33.5867,75.29,83,75,8.05
43,Sao Filipe,CV,2022-01-25 20:07:38,14.8961,-24.4956,76.5,63,2,7.11
44,Georgetown,MY,2022-01-25 20:02:52,5.4112,100.3354,80.53,89,20,0.0
45,Castro,BR,2022-01-25 20:03:36,-24.7911,-50.0119,83.79,49,6,3.2
46,Hobart,AU,2022-01-25 20:00:19,-42.8794,147.3294,61.02,79,75,4.61
47,Carnarvon,AU,2022-01-25 20:01:00,-24.8667,113.6333,75.51,72,0,20.76
48,Trelew,AR,2022-01-25 20:08:38,-43.249,-65.3051,70.68,43,0,21.34
49,Pochutla,MX,2022-01-25 20:08:39,15.7432,-96.4661,86.83,39,0,11.3
50,Laguna,US,2022-01-25 20:06:06,38.421,-121.4238,68.45,59,0,1.01
51,Byron Bay,AU,2022-01-25 20:08:39,-28.65,153.6167,73.06,92,100,3.29
52,Korla,CN,2022-01-25 20:05:58,41.7597,86.1469,23.95,67,0,5.01
53,Kaitangata,NZ,2022-01-25 20:02:24,-46.2817,169.8464,59.94,86,5,4.9
54,Atuona,PF,2022-01-25 20:01:08,-9.8,-139.0333,78.1,74,2,17.81
55,Ancud,CL,2022-01-25 20:08:40,-41.8697,-73.8203,73.22,65,0,7.76
56,Bengkulu,ID,2022-01-25 20:05:11,-3.8004,102.2655,77.16,85,99,4.07
57,Port Elizabeth,ZA,2022-01-25 20:03:30,-33.918,25.5701,71.1,86,99,10.13
58,Punta Arenas,CL,2022-01-25 20:01:01,-53.15,-70.9167,50.11,57,93,25.55
59,Kapaa,US,2022-01-25 20:02:23,22.0752,-159.319,73.11,59,77,1.01
60,Port Alfred,ZA,2022-01-25 20:02:10,-33.5906,26.891,72.25,83,67,8.37
61,Veraval,IN,2022-01-25 20:08:41,20.9,70.3667,63.09,42,4,10.87
62,Ahipara,NZ,2022-01-25 20:04:44,-35.1667,173.1667,70.2,88,99,8.12
63,Whitehorse,CA,2022-01-25 20:03:45,60.7161,-135.0538,29.8,80,100,1.01
64,Mataura,NZ,2022-01-25 20:01:05,-46.1927,168.8643,52.48,86,89,2.17
65,Turukhansk,RU,2022-01-25 20:08:41,65.8167,87.9833,-16.33,100,90,6.44
66,Port Lincoln,AU,2022-01-25 20:08:42,-34.7333,135.8667,67.35,92,0,3.09
67,Ribeira Grande,PT,2022-01-25 20:07:13,38.5167,-28.7,57.6,77,20,5.75
68,Puerto Morazan,NI,2022-01-25 20:08:42,12.8504,-87.1717,99.18,27,1,5.66
69,Chuy,UY,2022-01-25 20:08:43,-33.6971,-53.4616,83.03,70,93,10.49
70,Itarema,BR,2022-01-25 20:08:43,-2.9248,-39.9167,83.55,66,97,12.91
71,Ararangua,BR,2022-01-25 20:08:43,-28.9347,-49.4858,96.24,52,35,14.52
72,Faya,SA,2022-01-25 20:08:43,18.3851,42.4509,54.12,78,9,2.68
73,Pevek,RU,2022-01-25 20:02:24,69.7008,170.3133,-23.64,99,100,2.44
74,Rio Gallegos,AR,2022-01-25 20:08:44,-51.6226,-69.2181,57.25,30,75,29.93
75,Fonte Boa,BR,2022-01-25 20:08:44,-2.4959,-66.2662,78.57,95,100,3.58
76,Nouadhibou,MR,2022-01-25 20:08:40,20.931,-17.0347,66.47,80,29,23.8
77,Cayenne,GF,2022-01-25 20:08:45,4.9333,-52.3333,82.44,86,40,4.0
78,Ikalamavony,MG,2022-01-25 20:08:45,-21.15,46.5833,64.51,88,89,5.37
79,Jamestown,US,2022-01-25 19:59:58,42.097,-79.2353,22.32,45,100,13.0
80,Kuldiga,LV,2022-01-25 20:08:45,56.974,21.9572,33.49,96,55,2.73
81,Pangnirtung,CA,2022-01-25 20:05:59,66.1451,-65.7125,-15.48,94,100,3.29
82,Ostrovnoy,RU,2022-01-25 20:08:46,68.0531,39.5131,18.79,87,21,16.69
83,Baiyin,CN,2022-01-25 20:08:46,36.5583,104.2081,25.11,63,100,9.57
84,Gainesville,US,2022-01-25 20:05:52,29.6516,-82.3248,55.24,72,100,4.61
85,Bredasdorp,ZA,2022-01-25 20:07:16,-34.5322,20.0403,67.28,70,100,9.19
86,Kushima,JP,2022-01-25 20:08:47,31.4583,131.2333,42.12,80,30,7.05
87,Andros Town,BS,2022-01-25 20:08:47,24.7,-77.7667,75.16,55,0,7.76
88,Tiksi,RU,2022-01-25 20:02:16,71.6872,128.8694,-7.74,95,100,9.53
89,Yinchuan,CN,2022-01-25 20:08:48,38.4681,106.2731,26.55,44,100,4.92
90,Sechura,PE,2022-01-25 20:08:48,-5.5569,-80.8222,79.41,63,100,13.8
91,Kamaishi,JP,2022-01-25 20:04:41,39.2667,141.8833,33.71,73,94,4.05
92,Komsomolskiy,UZ,2022-01-25 20:08:48,40.4272,71.7189,31.42,80,75,2.3
93,San Vicente,AR,2022-01-25 20:09:49,-26.6167,-54.1333,96.58,29,90,3.47
94,Makakilo City,US,2022-01-25 20:09:49,21.3469,-158.0858,77.32,61,0,6.91
95,Hualmay,PE,2022-01-25 20:09:49,-11.0964,-77.6139,75.87,72,80,11.39
96,Araouane,ML,2022-01-25 20:09:50,18.9048,-3.5265,70.34,14,100,9.78
97,Kahului,US,2022-01-25 20:02:14,20.8947,-156.47,77.97,87,12,5.99
98,Collie,AU,2022-01-25 20:09:50,-33.3667,116.15,58.98,92,7,6.11
99,Erenhot,CN,2022-01-25 20:09:51,43.6475,111.9767,3.47,89,20,6.35
100,Khani,GE,2022-01-25 20:09:51,41.9563,42.9566,31.57,82,100,6.26
101,Husavik,IS,2022-01-25 20:09:51,66.0449,-17.3389,34.57,99,100,14.56
102,Saskylakh,RU,2022-01-25 20:03:38,71.9167,114.0833,10.98,89,100,18.52
103,Lompoc,US,2022-01-25 20:09:52,34.6391,-120.4579,70.11,75,0,9.22
104,Saint Anthony,US,2022-01-25 20:09:52,45.0205,-93.218,3.92,60,0,4.0
105,Saint George,US,2022-01-25 19:59:48,37.1041,-113.5841,53.8,30,22,1.01
106,Awjilah,LY,2022-01-25 20:09:53,29.1081,21.2869,49.57,72,94,11.79
107,Yerbogachen,RU,2022-01-25 20:02:24,61.2767,108.0108,-17.09,100,95,2.8
108,Provideniya,RU,2022-01-25 20:02:53,64.3833,-173.3,-7.49,64,20,8.95
109,Sabang,ID,2022-01-25 20:09:53,5.8933,95.3214,81.36,74,44,9.78
110,Baykit,RU,2022-01-25 20:09:54,61.67,96.37,-16.13,100,98,1.36
111,Raudeberg,NO,2022-01-25 20:09:54,61.9875,5.1352,44.2,94,100,11.01
112,Urucara,BR,2022-01-25 20:09:54,-2.5364,-57.76,82.51,84,100,1.97
113,Muhos,FI,2022-01-25 20:09:55,64.808,25.9931,20.98,94,10,6.17
114,Shenjiamen,CN,2022-01-25 20:09:55,29.9576,122.298,45.36,89,100,11.63
115,Thompson,CA,2022-01-25 20:02:57,55.7435,-97.8558,-4.58,85,49,8.93
116,Gat,IL,2022-01-25 20:07:04,31.61,34.7642,49.41,64,1,7.9
117,Zverinogolovskoye,RU,2022-01-25 20:09:56,54.4586,64.8542,4.84,92,100,6.44
118,Ostersund,SE,2022-01-25 20:09:56,63.1792,14.6357,27.05,74,40,6.91
119,Sherlovaya Gora,RU,2022-01-25 20:09:56,50.5667,116.25,-9.02,100,99,3.44
120,Dikson,RU,2022-01-25 20:00:55,73.5069,80.5464,11.77,92,100,32.7
121,Jiaojiang,CN,2022-01-25 20:09:57,28.6803,121.4428,48.0,92,100,4.99
122,Torbay,CA,2022-01-25 20:05:29,47.6666,-52.7314,32.58,88,98,1.01
123,Lebu,CL,2022-01-25 20:01:04,-37.6167,-73.65,64.09,71,0,15.52
124,Kainan,JP,2022-01-25 20:09:57,34.15,135.2,38.71,79,50,5.39
125,Yellowknife,CA,2022-01-25 20:02:16,62.456,-114.3525,4.41,91,92,5.99
126,Woodward,US,2022-01-25 20:09:57,36.4337,-99.3904,31.23,43,40,13.8
127,Talnakh,RU,2022-01-25 20:09:58,69.4865,88.3972,2.21,97,69,11.48
128,Linguere,SN,2022-01-25 20:09:58,15.3953,-15.1193,82.76,7,100,8.12
129,Bagdarin,RU,2022-01-25 20:09:58,54.4333,113.6,-12.19,96,85,3.91
130,Ostrovskoye,RU,2022-01-25 20:09:59,57.8057,42.2433,4.01,99,99,5.01
131,Fuxin,CN,2022-01-25 20:09:59,42.0156,121.6589,12.38,65,29,4.52
132,Iranshahr,IR,2022-01-25 20:10:00,27.2025,60.6848,55.78,34,0,2.28
133,Kaa-Khem,RU,2022-01-25 20:10:00,51.6833,94.7333,-8.43,96,100,1.81
134,Norman Wells,CA,2022-01-25 20:00:39,65.282,-126.8329,15.35,92,33,0.78
135,Drayton Valley,CA,2022-01-25 20:11:01,53.2168,-114.9854,37.9,86,100,6.93
136,Dhidhdhoo,MV,2022-01-25 20:11:01,6.8833,73.1,79.92,63,61,10.0
137,Kenai,US,2022-01-25 20:07:40,60.5544,-151.2583,30.29,86,100,13.8
138,Longyearbyen,SJ,2022-01-25 20:11:02,78.2186,15.6401,19.24,63,75,16.11
139,Hasaki,JP,2022-01-25 20:11:02,35.7333,140.8333,37.8,89,100,15.68
140,Saint-Ambroise,CA,2022-01-25 20:11:02,48.5501,-71.3324,13.59,91,100,3.98
141,Barrow,US,2022-01-25 19:59:31,71.2906,-156.7887,3.22,85,100,23.02
142,Krasnoselkup,RU,2022-01-25 20:11:03,65.7,82.4667,-12.14,98,35,10.49
143,Amapa,BR,2022-01-25 20:11:03,1.0,-52.0,77.49,95,47,3.58
144,Udachnyy,RU,2022-01-25 20:11:04,66.4167,112.4,3.45,77,100,5.57
145,Bullas,ES,2022-01-25 20:11:04,38.0467,-1.6723,46.81,92,89,5.91
146,Kavieng,PG,2022-01-25 20:06:06,-2.5744,150.7967,82.69,77,100,10.07
147,Lavrentiya,RU,2022-01-25 20:08:54,65.5833,-171.0,-20.13,86,97,5.35
148,Pitea,SE,2022-01-25 20:11:04,65.3172,21.4794,26.1,76,97,9.8
149,Katherine,AU,2022-01-25 20:11:05,-14.4667,132.2667,75.52,94,100,9.22
150,Saldanha,ZA,2022-01-25 20:07:15,-33.0117,17.9442,63.28,85,0,22.35
151,Chino Valley,US,2022-01-25 20:11:05,34.7575,-112.4538,57.72,32,0,5.99
152,Los Llanos De Aridane,ES,2022-01-25 20:11:06,28.6585,-17.9182,60.12,52,20,11.01
153,Mahebourg,MU,2022-01-25 20:03:31,-20.4081,57.7,75.25,71,95,15.84
154,Vao,NC,2022-01-25 20:11:06,-22.6667,167.4833,76.75,71,95,7.27
155,Sevierville,US,2022-01-25 20:11:06,35.8681,-83.5618,58.68,50,75,8.05
156,Geraldton,AU,2022-01-25 20:04:47,-28.7667,114.6,66.61,77,0,9.22
157,Daru,PG,2022-01-25 20:11:07,-9.0763,143.2092,78.82,84,77,2.93
158,Mar Del Plata,AR,2022-01-25 20:01:44,-38.0023,-57.5575,75.87,94,96,18.99
159,East London,ZA,2022-01-25 20:11:07,-33.0153,27.9116,73.71,78,65,2.19
160,Alugan,PH,2022-01-25 20:11:08,12.2188,125.4808,77.11,91,100,9.57
161,Lao Cai,VN,2022-01-25 20:11:08,22.4833,103.95,64.6,98,75,1.12
162,Karratha,AU,2022-01-25 20:11:08,-20.7377,116.8463,81.79,75,0,5.23
163,Lubango,AO,2022-01-25 20:11:09,-14.9172,13.4925,61.99,89,98,4.16
164,Senanga,ZM,2022-01-25 20:11:09,-16.1167,23.2667,70.59,69,100,4.36
165,San Cristobal,VE,2022-01-25 20:11:09,7.7669,-72.225,80.78,38,100,1.07
166,Nikolskoye,RU,2022-01-25 20:02:20,59.7035,30.7861,22.89,98,66,4.52
167,Port Hardy,CA,2022-01-25 20:06:07,50.6996,-127.4199,43.57,73,100,3.74
168,Hilo,US,2022-01-25 20:11:10,19.7297,-155.09,78.53,62,40,6.91
169,Ust-Nera,RU,2022-01-25 20:11:10,64.5667,143.2,-21.98,99,100,2.39
170,Dargaville,NZ,2022-01-25 20:11:11,-35.9333,173.8833,70.41,80,98,5.39
171,Pisco,PE,2022-01-25 20:05:54,-13.7,-76.2167,77.05,61,0,23.02
172,Vila Velha,BR,2022-01-25 20:11:11,-20.3297,-40.2925,82.35,74,20,5.75
173,Coihaique,CL,2022-01-25 20:01:44,-45.5752,-72.0662,72.28,35,3,7.56
174,San Juan Del Rio,MX,2022-01-25 20:08:49,20.3833,-100.0,71.53,23,0,12.75
175,Soyo,AO,2022-01-25 20:11:12,-6.1349,12.3689,77.95,80,89,7.4
176,Miri,MY,2022-01-25 20:11:12,4.4148,114.0089,76.42,88,100,4.83
177,Essau,GM,2022-01-25 20:11:12,13.4839,-16.5347,75.36,28,100,7.18
178,Lagoa,PT,2022-01-25 20:03:37,39.05,-27.9833,58.75,79,99,7.9
179,Nemuro,JP,2022-01-25 20:11:13,43.3236,145.575,22.12,77,85,5.5
180,Batagay-Alyta,RU,2022-01-25 20:12:13,67.8006,130.4114,-10.5,91,100,1.86
181,Lorengau,PG,2022-01-25 20:04:51,-2.0226,147.2712,81.3,81,99,6.33
182,Lazaro Cardenas,MX,2022-01-25 20:12:14,17.9583,-102.2,83.25,54,2,10.09
183,Kitami,JP,2022-01-25 20:12:14,43.8031,143.8908,15.12,97,96,3.51
184,Upernavik,GL,2022-01-25 20:07:09,72.7868,-56.1549,4.48,93,100,3.06
185,Phalaborwa,ZA,2022-01-25 20:12:14,-23.943,31.1411,75.97,73,100,11.97
186,Bojnurd,IR,2022-01-25 20:12:15,37.4747,57.329,32.56,37,5,5.61
187,Kodiak,US,2022-01-25 20:12:15,57.79,-152.4072,29.71,51,0,12.66
188,Belle Fourche,US,2022-01-25 20:12:15,44.6714,-103.8522,29.5,64,100,8.03
189,Tasiilaq,GL,2022-01-25 20:04:48,65.6145,-37.6368,17.76,87,30,7.67
190,Leningradskiy,RU,2022-01-25 20:12:16,69.3833,178.4167,-25.56,87,45,5.66
191,Kruisfontein,ZA,2022-01-25 20:04:40,-34.0033,24.7314,68.88,90,100,9.89
192,Cap-Aux-Meules,CA,2022-01-25 20:12:16,47.3821,-61.8597,26.65,80,100,18.41
193,Rocha,UY,2022-01-25 20:12:17,-34.4833,-54.3333,85.86,62,99,2.82
194,Shanhetun,CN,2022-01-25 20:12:17,44.7,127.2,0.46,98,100,3.27
195,Popondetta,PG,2022-01-25 20:07:33,-8.7537,148.2534,73.63,96,96,3.02
196,Pergamino,AR,2022-01-25 20:12:18,-33.89,-60.5736,84.18,65,100,10.47
197,Qazvin,IR,2022-01-25 20:08:18,36.2797,50.0049,35.28,38,38,6.15
198,Coquimbo,CL,2022-01-25 20:00:05,-29.9533,-71.3436,68.61,71,3,9.15
199,Burgos,ES,2022-01-25 20:12:18,42.3394,-3.7079,34.21,86,0,3.44
200,Severo-Kurilsk,RU,2022-01-25 20:04:42,50.6789,156.125,20.05,63,36,6.6
201,Nelson Bay,AU,2022-01-25 20:12:19,-32.7167,152.15,67.95,94,9,4.0
202,Qaqortoq,GL,2022-01-25 20:06:02,60.7167,-46.0333,25.3,72,100,11.5
203,Gondar,ET,2022-01-25 20:12:19,12.6,37.4667,61.29,31,0,3.96
204,Oussouye,SN,2022-01-25 20:12:19,12.485,-16.5469,83.52,22,100,6.42
205,Aksarka,RU,2022-01-25 20:12:20,66.5606,67.7975,10.22,94,100,14.47
206,Shahr-E Babak,IR,2022-01-25 20:12:20,30.1165,55.1186,43.52,40,0,4.23
207,Katsuura,JP,2022-01-25 20:12:20,35.1333,140.3,42.19,94,98,16.24
208,Matara,LK,2022-01-25 20:12:21,5.9485,80.5353,72.01,84,100,6.29
209,Ochakiv,UA,2022-01-25 20:12:21,46.6128,31.5498,12.34,81,59,6.89
210,Tazovskiy,RU,2022-01-25 20:12:21,67.4667,78.7,-0.33,95,96,16.11
211,San Patricio,US,2022-01-25 20:12:22,28.017,-97.5169,62.49,43,0,10.67
212,Nurota,UZ,2022-01-25 20:12:22,40.5614,65.6886,24.89,57,0,3.94
213,Bosaso,SO,2022-01-25 20:12:22,11.2842,49.1816,72.14,68,5,3.8
214,Chokurdakh,RU,2022-01-25 20:03:26,70.6333,147.9167,-32.46,100,100,7.02
215,Salalah,OM,2022-01-25 20:11:12,17.0151,54.0924,68.09,42,0,5.75
216,Vardo,NO,2022-01-25 20:03:31,70.3705,31.1107,28.6,86,20,25.32
217,Cidreira,BR,2022-01-25 20:03:27,-30.1811,-50.2056,80.71,75,71,17.49
218,Guerrero Negro,MX,2022-01-25 20:07:15,27.9769,-114.0611,66.99,43,54,9.55
219,Lata,PT,2022-01-25 20:08:51,40.1629,-8.3327,50.81,78,11,3.98
220,Kupino,RU,2022-01-25 20:12:23,54.3663,77.2981,11.07,95,100,10.02
221,Akureyri,IS,2022-01-25 20:12:24,65.6835,-18.0878,29.86,93,89,10.65
222,Morwell,AU,2022-01-25 20:12:24,-38.2333,146.4,65.34,91,94,3.91
223,Pitimbu,BR,2022-01-25 20:12:24,-7.4706,-34.8086,84.79,69,69,11.27
224,Lebowakgomo,ZA,2022-01-25 20:12:25,-24.2,29.5,63.05,80,100,5.48
225,Kuching,MY,2022-01-25 20:13:25,1.55,110.3333,75.42,100,20,0.0
226,Kholodnyy,RU,2022-01-25 20:13:26,62.7167,147.95,-19.79,98,100,1.63
227,Inirida,CO,2022-01-25 20:13:26,3.8653,-67.9239,87.26,60,100,3.04
228,Kavaratti,IN,2022-01-25 20:13:26,10.5669,72.642,77.63,55,65,7.52
229,Les Cayes,HT,2022-01-25 20:13:26,18.2,-73.75,79.72,69,71,9.1
230,Kyra,RU,2022-01-25 20:13:27,49.5776,111.9753,-4.85,92,100,5.17
231,Avera,US,2022-01-25 20:07:18,33.194,-82.5271,61.38,61,99,6.87
232,Nanortalik,GL,2022-01-25 20:07:19,60.1432,-45.2371,24.67,91,100,9.13
233,Hofn,IS,2022-01-25 20:06:08,64.2539,-15.2082,37.65,57,0,22.12
234,Karpathos,GR,2022-01-25 20:13:27,35.507,27.2132,46.36,61,100,17.27
235,Valparaiso,CL,2022-01-25 20:13:28,-33.0393,-71.6273,79.03,49,0,11.5
236,Kodlipet,IN,2022-01-25 20:13:28,12.8,75.8833,57.78,91,10,2.06
237,Kathu,TH,2022-01-25 20:13:28,7.9178,98.3332,76.82,78,100,8.19
238,Axim,GH,2022-01-25 20:13:29,4.8699,-2.2405,79.57,83,0,7.76
239,Annau,TM,2022-01-25 20:13:29,37.8876,58.516,42.57,41,0,4.23
240,Saint-Philippe,RE,2022-01-25 20:13:29,-21.3585,55.7679,74.79,68,88,11.36
241,Padang,ID,2022-01-25 20:07:10,-0.9492,100.3543,78.06,86,100,3.18
242,Flinders,AU,2022-01-25 20:03:38,-34.5833,150.8552,69.8,87,74,5.01
243,Esperance,AU,2022-01-25 20:07:13,-33.8667,121.9,65.28,83,100,13.91
244,Mikuni,JP,2022-01-25 20:13:30,36.2171,136.1519,37.53,75,100,5.39
245,Zhezkazgan,KZ,2022-01-25 20:06:08,47.8043,67.7144,-2.88,96,17,3.65
246,Buncrana,IE,2022-01-25 20:13:31,55.1333,-7.45,47.97,90,100,7.14
247,Clyde River,CA,2022-01-25 20:13:31,70.4692,-68.5914,-9.62,98,100,10.25
248,Mokobeng,BW,2022-01-25 20:13:31,-22.9965,27.6678,76.98,54,100,12.77
249,Port Macquarie,AU,2022-01-25 20:13:31,-31.4333,152.9167,68.9,76,100,1.77
250,Aswan,EG,2022-01-25 20:13:32,24.0934,32.907,51.58,32,0,11.61
251,Airai,TL,2022-01-25 20:01:39,-8.9266,125.4092,61.0,87,80,2.82
252,Gonbad-E Qabus,IR,2022-01-25 20:13:32,37.25,55.1672,47.37,40,16,2.28
253,Necochea,AR,2022-01-25 20:12:27,-38.5473,-58.7368,78.84,72,59,14.61
254,Lunino,RU,2022-01-25 20:13:33,53.5918,45.2271,6.03,98,96,3.89
255,Zhigansk,RU,2022-01-25 20:13:33,66.7697,123.3711,-14.6,98,98,9.37
256,Boende,CD,2022-01-25 20:13:33,-0.2167,20.8667,80.01,57,89,2.55
257,Gweru,ZW,2022-01-25 20:13:34,-19.45,29.8167,62.94,96,100,17.56
258,Galesong,ID,2022-01-25 20:13:34,-5.3166,119.3661,75.22,82,88,6.89
259,Kishtwar,IN,2022-01-25 20:13:34,33.3167,75.7667,28.67,83,98,4.56
260,Muros,ES,2022-01-25 20:11:15,42.7762,-9.0603,50.23,89,0,6.8
261,Sterling,US,2022-01-25 20:12:34,39.0062,-77.4286,44.04,61,75,1.01
262,Novonukutskiy,RU,2022-01-25 20:13:35,53.7002,102.7117,-18.85,100,100,2.48
263,Magadan,RU,2022-01-25 20:13:35,59.5667,150.8,-11.87,82,99,7.9
264,Postrelmov,CZ,2022-01-25 20:13:36,49.9076,16.9123,37.22,96,100,3.6
265,Maragogi,BR,2022-01-25 20:13:36,-9.0122,-35.2225,81.52,72,29,9.53
266,Caborca,MX,2022-01-25 20:13:36,30.5838,-111.101,65.55,16,62,9.06
267,Deputatskiy,RU,2022-01-25 20:12:14,69.3,139.9,-30.69,99,35,5.61
268,Codrington,AU,2022-01-25 20:04:53,-38.2667,141.9667,68.45,58,8,6.87
269,Makaryev,RU,2022-01-25 20:14:37,57.8797,43.8069,7.9,98,100,5.59
270,Saint-Louis,SN,2022-01-25 20:14:37,16.3333,-15.0,81.97,9,100,9.75
271,Tooele,US,2022-01-25 20:14:37,40.5308,-112.2983,37.96,80,75,3.44
272,Portland,US,2022-01-25 20:09:55,45.5234,-122.6762,52.84,65,24,1.01
273,Warri,NG,2022-01-25 20:14:38,5.5167,5.75,79.93,72,76,6.04
274,Hamilton,US,2022-01-25 20:14:38,39.1834,-84.5333,31.08,60,75,3.0
275,Asau,RO,2022-01-25 20:04:44,46.4333,26.4,20.32,74,100,7.2
276,Urumqi,CN,2022-01-25 20:14:39,43.801,87.6005,5.95,85,75,2.24
277,Cap Malheureux,MU,2022-01-25 20:14:39,-19.9842,57.6142,75.47,70,80,1.99
278,Huarmey,PE,2022-01-25 20:14:28,-10.0681,-78.1522,76.62,72,89,12.06
279,Matamoros,MX,2022-01-25 20:14:39,25.5333,-103.25,69.91,30,0,8.05
280,Ilulissat,GL,2022-01-25 20:06:08,69.2167,-51.1,14.02,57,75,18.41
281,Zhoucheng,CN,2022-01-25 20:14:40,35.9122,116.3117,35.02,75,1,4.85
282,Lasa,IT,2022-01-25 20:14:40,46.6166,10.7002,45.86,66,1,6.08
283,Hithadhoo,MV,2022-01-25 20:14:40,-0.6,73.0833,81.19,66,97,14.32
284,Monte Carmelo,BR,2022-01-25 20:14:41,-18.7247,-47.4986,76.12,74,100,2.37
285,Joshimath,IN,2022-01-25 20:14:41,30.5667,79.5667,30.06,60,40,6.98
286,New Norfolk,AU,2022-01-25 20:14:41,-42.7826,147.0587,60.66,71,100,2.1
287,Tarauaca,BR,2022-01-25 20:14:42,-8.1614,-70.7656,79.0,82,96,2.08
288,Caravelas,BR,2022-01-25 20:14:42,-17.7125,-39.2481,79.11,75,100,9.31
289,Srandakan,ID,2022-01-25 20:14:42,-7.9386,110.2506,78.67,88,100,9.24
290,Victor Harbor,AU,2022-01-25 20:14:43,-35.5667,138.6167,75.2,84,14,0.92
291,Namatanai,PG,2022-01-25 20:14:43,-3.6667,152.4333,79.7,83,92,4.09
292,Tautira,PF,2022-01-25 20:14:43,-17.7333,-149.15,86.02,79,83,19.44
293,Naze,JP,2022-01-25 20:14:44,28.3667,129.4833,57.27,71,65,11.36
294,Lae,PG,2022-01-25 20:14:44,-6.7221,146.9847,77.67,88,100,6.62
295,Iqaluit,CA,2022-01-25 20:04:49,63.7506,-68.5145,-23.62,96,99,2.24
296,Nova Olimpia,BR,2022-01-25 20:14:45,-14.7972,-57.2881,85.48,64,100,3.89
297,Broome,US,2022-01-25 20:14:45,42.2506,-75.833,30.02,62,100,5.01
298,Kawalu,ID,2022-01-25 20:14:45,-7.3817,108.2082,73.08,95,92,2.35
299,Touros,BR,2022-01-25 20:12:56,-5.1989,-35.4608,85.1,72,100,13.73
300,Bafq,IR,2022-01-25 20:14:46,31.6128,55.4107,49.77,26,0,0.78
301,La Rioja,ES,2022-01-25 20:13:33,42.25,-2.5,36.05,75,0,5.57
302,Kalmunai,LK,2022-01-25 20:14:46,7.4167,81.8167,73.89,77,87,1.92
303,Champerico,GT,2022-01-25 20:14:46,14.3,-91.9167,93.74,57,1,11.41
304,Kifri,IQ,2022-01-25 20:14:47,34.6959,44.9661,48.04,53,9,2.89
305,Khatanga,RU,2022-01-25 20:06:04,71.9667,102.5,5.49,84,88,16.96
306,Luxor,EG,2022-01-25 20:14:47,25.6989,32.6421,50.05,37,0,11.5
307,Esil,KZ,2022-01-25 20:14:47,51.9556,66.4042,-0.9,92,100,5.37
308,Victoria,HK,2022-01-25 20:11:40,22.2855,114.1577,67.17,88,100,4.0
309,San Andres,CO,2022-01-25 20:14:48,12.5847,-81.7006,86.02,62,20,9.22
310,Beringovskiy,RU,2022-01-25 20:12:15,63.05,179.3167,-26.72,92,22,2.15
311,Bassila,BJ,2022-01-25 20:14:48,9.0081,1.6654,77.59,15,0,5.64
312,Tuktoyaktuk,CA,2022-01-25 20:14:49,69.4541,-133.0374,26.6,86,100,24.16
313,Taki,IN,2022-01-25 20:15:49,22.5861,88.9214,72.03,69,2,2.08
314,Ekibastuz,KZ,2022-01-25 20:15:49,51.6667,75.3667,14.58,77,100,13.89
315,Bonthe,SL,2022-01-25 20:15:50,7.5264,-12.505,78.82,73,19,10.6
316,Numaran,MX,2022-01-25 20:15:50,20.25,-101.9333,77.32,23,3,8.72
317,Altus,US,2022-01-25 20:13:01,34.6381,-99.334,53.11,34,0,1.01
318,Salihorsk,BY,2022-01-25 20:15:51,52.7876,27.5415,32.16,98,100,9.55
319,Bambous Virieux,MU,2022-01-25 20:15:51,-20.3428,57.7575,75.22,88,75,4.61
320,Mazatlan,MX,2022-01-25 20:11:33,23.2167,-106.4167,75.16,61,0,1.99
321,Champasak,LA,2022-01-25 20:15:51,14.75,106.0,69.26,57,89,2.1
322,Huayang,CN,2022-01-25 20:15:52,34.4155,109.9939,27.66,81,100,2.77
323,Nabire,ID,2022-01-25 20:15:52,-3.3667,135.4833,77.52,90,100,2.82
324,Aguimes,ES,2022-01-25 20:15:52,27.9054,-15.4461,61.66,59,20,14.97
325,Paamiut,GL,2022-01-25 20:15:53,61.994,-49.6678,16.68,72,100,12.39
326,Auki,SB,2022-01-25 20:15:53,-8.7676,160.7034,78.73,88,100,6.24
327,Ouahigouya,BF,2022-01-25 20:15:53,13.5828,-2.4216,70.63,13,4,10.69
328,Beamsville,CA,2022-01-25 20:12:11,43.1668,-79.4829,22.95,68,100,5.01
329,Chimbote,PE,2022-01-25 20:15:54,-9.0853,-78.5783,75.79,71,89,11.27
330,Ayan,RU,2022-01-25 20:15:54,56.45,138.1667,3.78,66,58,14.38
331,Stillwater,US,2022-01-25 20:13:28,36.1156,-97.0584,38.84,42,20,1.99
332,Bereda,ES,2022-01-25 20:15:54,43.2686,-7.5406,42.55,93,3,2.66
333,Ewa Beach,US,2022-01-25 20:14:16,21.3156,-158.0072,78.75,61,0,6.91
334,Fredericksburg,US,2022-01-25 20:13:10,38.3032,-77.4605,52.61,43,40,4.61
335,Ambon,ID,2022-01-25 20:15:55,-3.6954,128.1814,75.34,100,20,5.75
336,Qaanaaq,GL,2022-01-25 20:15:55,77.484,-69.3632,-10.93,55,39,7.07
337,Verkhoyansk,RU,2022-01-25 20:15:56,67.5447,133.385,-13.81,100,100,2.44
338,Ponta Do Sol,PT,2022-01-25 20:15:56,32.6667,-17.1,61.43,65,35,7.83
339,Waycross,US,2022-01-25 20:15:56,31.2136,-82.354,59.05,48,100,3.44
340,Agirish,RU,2022-01-25 20:15:57,61.9247,63.0231,10.4,93,52,5.57
341,Tczew,PL,2022-01-25 20:15:57,54.0924,18.7779,39.9,100,74,8.03
342,Assiniboia,CA,2022-01-25 20:13:57,49.6334,-105.9845,9.28,81,13,9.71
343,Viedma,AR,2022-01-25 20:15:57,-40.8135,-62.9967,81.55,41,0,17.98
344,Fortuna,US,2022-01-25 20:15:58,40.5982,-124.1573,51.98,81,0,2.24
345,Columbia,US,2022-01-25 20:14:23,34.0007,-81.0348,60.66,48,100,4.61
346,Krasnoarmeyskoye,RU,2022-01-25 20:15:58,52.7182,50.0322,8.47,96,100,6.11
347,Lewistown,US,2022-01-25 20:15:59,40.5992,-77.5714,34.95,74,100,10.36
348,Biscarrosse,FR,2022-01-25 20:15:59,44.3945,-1.1672,44.35,87,0,1.14
349,Pringsewu,ID,2022-01-25 20:15:59,-5.3582,104.9744,73.11,97,95,1.48
350,Te Anau,NZ,2022-01-25 20:16:00,-45.4167,167.7167,50.67,84,51,0.49
351,Morros,BR,2022-01-25 20:16:00,-9.4467,-46.3003,82.58,61,50,7.34
352,Acu,BR,2022-01-25 20:13:52,-5.5767,-36.9086,86.04,56,100,14.18
353,Blythe,US,2022-01-25 20:16:00,33.6103,-114.5964,68.04,18,0,0.0
354,Broken Hill,AU,2022-01-25 20:16:01,-31.95,141.4333,76.44,66,62,10.04
355,Praia Da Vitoria,PT,2022-01-25 20:16:01,38.7333,-27.0667,60.76,94,75,8.03
356,Kaduna,NG,2022-01-25 20:13:24,10.5222,7.4383,71.15,17,64,10.2
357,Corinto,GR,2022-01-25 20:16:01,37.9407,22.9573,37.69,71,2,2.62
358,Kokstad,ZA,2022-01-25 20:16:02,-30.5472,29.4241,62.33,96,100,3.09
359,Tongling,CN,2022-01-25 20:16:02,30.95,117.7833,40.87,92,100,8.03
360,Paragominas,BR,2022-01-25 20:16:03,-2.9667,-47.4833,83.08,72,100,2.73
361,Gamba,GA,2022-01-25 20:16:03,-2.65,10.0,75.78,90,100,3.8
362,Tanggu,CN,2022-01-25 20:17:03,39.0211,117.6469,21.16,50,7,7.61
363,Vestmannaeyjar,IS,2022-01-25 20:07:14,63.4427,-20.2734,36.28,79,100,37.85
364,Coahuayana,MX,2022-01-25 20:17:04,18.7333,-103.6833,87.28,39,0,6.82
365,Togur,RU,2022-01-25 20:17:04,58.3631,82.8265,-1.3,99,98,3.6
366,Mount Isa,AU,2022-01-25 20:17:04,-20.7333,139.5,76.77,100,100,5.75
367,Alekseyevka,RU,2022-01-25 20:17:05,50.6309,38.6903,15.78,96,100,4.94
368,Abu Samrah,SY,2022-01-25 20:17:05,35.3029,37.1841,43.21,68,10,8.46
369,Katima Mulilo,NA,2022-01-25 20:17:06,-17.5,24.2667,70.54,71,100,1.28
370,Puerto Gaitan,CO,2022-01-25 20:12:49,4.3133,-72.0816,97.57,28,76,12.15
371,Talcahuano,CL,2022-01-25 20:17:06,-36.7167,-73.1167,71.28,60,0,12.66
372,Avarua,CK,2022-01-25 20:15:15,-21.2078,-159.775,82.45,78,0,9.22
373,Joigny,FR,2022-01-25 20:17:07,47.9829,3.401,30.22,83,0,1.74
374,Nobres,BR,2022-01-25 20:17:07,-14.7203,-56.3275,86.13,61,100,2.33
375,Mehamn,NO,2022-01-25 20:17:07,71.0357,27.8492,28.31,67,100,30.27
376,Dingle,PH,2022-01-25 20:17:08,10.9995,122.6711,75.09,96,100,9.33
377,Angoche,MZ,2022-01-25 20:17:08,-16.2325,39.9086,78.98,83,100,14.29
378,Westport,US,2022-01-25 20:17:06,41.1415,-73.3579,42.94,61,20,1.01
379,Lahat,ID,2022-01-25 20:13:20,-3.8,103.5333,73.27,99,100,1.05
380,Manoel Urbano,BR,2022-01-25 20:17:08,-8.8389,-69.2597,76.3,96,100,2.15
381,Qinzhou,CN,2022-01-25 20:17:09,21.95,108.6167,66.51,87,100,8.28
382,Tipuani,BO,2022-01-25 20:17:09,-15.5648,-68.0185,86.45,57,100,1.12
383,Weatherford,US,2022-01-25 20:14:50,32.7593,-97.7972,59.41,47,0,5.01
384,Payson,US,2022-01-25 20:17:10,40.0444,-111.7321,39.4,79,100,6.91
385,Akyab,MM,2022-01-25 20:17:10,20.15,92.9,72.64,74,69,4.9
386,Celestun,MX,2022-01-25 20:17:10,20.8667,-90.4,78.4,74,60,10.49
387,Calamar,CO,2022-01-25 20:17:10,10.2511,-74.9146,89.55,27,100,5.79
388,Baijiantan,CN,2022-01-25 20:17:11,45.6333,85.1833,4.91,94,71,0.56
389,Lamar,US,2022-01-25 20:17:11,33.6668,-95.5836,57.63,41,0,9.22
390,Moose Factory,CA,2022-01-25 20:17:12,51.2585,-80.6094,-9.4,64,0,11.5
391,Caracollo,PE,2022-01-25 20:17:12,-14.9165,-70.6603,54.48,61,100,0.22
392,Uromi,NG,2022-01-25 20:17:12,6.7,6.3333,78.01,17,37,1.99
393,La Ronge,CA,2022-01-25 20:17:13,55.1001,-105.2842,5.25,66,100,10.36
394,Taseyevo,RU,2022-01-25 20:17:13,57.2169,94.8978,2.19,99,95,2.28
395,Richards Bay,ZA,2022-01-25 20:17:13,-28.783,32.0377,73.78,93,10,2.06
396,Ust-Tsilma,RU,2022-01-25 20:17:14,65.441,52.1498,20.91,95,100,7.92
397,Port-Cartier,CA,2022-01-25 20:17:14,50.0334,-66.8654,11.75,88,100,2.86
398,Miramar,US,2022-01-25 20:17:14,25.9873,-80.2323,74.01,63,20,10.36
399,Manggar,ID,2022-01-25 20:17:15,-2.8833,108.2667,79.18,80,100,11.27
400,Bandiagara,ML,2022-01-25 20:17:15,14.3501,-3.6104,70.3,12,16,9.62
401,Kalabo,ZM,2022-01-25 20:17:15,-14.97,22.6814,70.09,73,100,5.57
402,Kieta,PG,2022-01-25 20:17:16,-6.2167,155.6333,79.63,85,100,3.09
403,Walvis Bay,NA,2022-01-25 20:17:16,-22.9575,14.5053,67.08,71,24,13.89
404,Alamosa,US,2022-01-25 20:17:17,37.4695,-105.87,35.58,41,0,5.75
405,Rawson,AR,2022-01-25 20:17:17,-43.3002,-65.1023,67.03,55,0,21.0
406,Fairbanks,US,2022-01-25 20:17:17,64.8378,-147.7164,21.2,75,100,4.0
407,Nizwa,OM,2022-01-25 20:17:18,22.9333,57.5333,65.61,45,0,4.68
408,Melo,UY,2022-01-25 20:18:18,-32.3667,-54.1833,97.77,36,42,4.14
409,Panarukan,ID,2022-01-25 20:18:18,-7.7018,113.9184,78.71,90,100,7.7
410,Boyolangu,ID,2022-01-25 20:18:19,-8.1181,111.8935,76.8,89,100,2.95
411,Brigantine,US,2022-01-25 20:18:19,39.4101,-74.3646,46.06,67,99,11.92
412,Kungurtug,RU,2022-01-25 20:18:19,50.5994,97.5228,-18.54,98,41,1.81
413,Colares,PT,2022-01-25 20:18:20,38.7992,-9.4469,55.29,57,0,7.0
414,Egvekinot,RU,2022-01-25 20:18:20,66.3167,-179.1667,-29.79,85,86,2.28
415,Mareeba,AU,2022-01-25 20:18:20,-17.0,145.4333,75.43,96,100,0.78
416,Umea,SE,2022-01-25 20:18:21,63.8284,20.2597,23.92,86,0,4.61
417,Bella Vista,US,2022-01-25 20:18:21,36.4295,-94.2316,38.41,33,0,1.01
418,Maceio,BR,2022-01-25 20:18:21,-9.6658,-35.7353,85.44,74,40,16.11
419,Ugoofaaru,MV,2022-01-25 20:18:22,5.6667,73.0,80.26,63,80,9.15
420,Baruun-Urt,MN,2022-01-25 20:18:22,46.6806,113.2792,-7.76,93,18,5.03
421,Ballina,AU,2022-01-25 20:18:22,-28.8667,153.5667,69.98,98,100,2.33
422,Keflavik,IS,2022-01-25 20:18:23,64.0049,-22.5624,34.23,75,75,28.77
423,Tekeli,KZ,2022-01-25 20:18:23,44.83,78.8239,12.34,75,81,8.48
424,Toba,JP,2022-01-25 20:18:23,34.4833,136.85,42.8,75,74,4.0
425,Souillac,MU,2022-01-25 20:18:24,-20.5167,57.5167,75.36,88,75,4.61
426,Fukue,JP,2022-01-25 20:18:24,32.6881,128.8419,52.23,73,100,17.11
427,Maniitsoq,GL,2022-01-25 20:18:24,65.4167,-52.9,17.94,88,100,20.58
428,Banjar,ID,2022-01-25 20:18:24,-8.19,114.9675,82.26,88,100,1.7
429,Haines Junction,CA,2022-01-25 20:18:25,60.7522,-137.5108,30.15,69,100,1.14
430,Mingguang,CN,2022-01-25 20:18:25,32.7802,117.9638,37.2,81,62,6.4
431,The Pas,CA,2022-01-25 20:18:26,53.8251,-101.2541,-5.78,65,75,8.05
432,Fenoarivo,MG,2022-01-25 20:18:26,-18.933,47.4354,62.67,94,75,5.75
433,Bardsir,IR,2022-01-25 20:18:26,29.9227,56.5743,32.05,43,0,3.27
434,Luderitz,NA,2022-01-25 20:18:27,-26.6481,15.1594,78.01,56,5,20.74
435,Santiago Del Estero,AR,2022-01-25 20:15:26,-27.7951,-64.2615,93.61,48,81,6.29
436,Pauini,BR,2022-01-25 20:18:27,-7.7136,-66.9764,84.38,78,100,2.53
437,Port Moresby,PG,2022-01-25 20:18:27,-9.4431,147.1797,76.42,94,40,3.44
438,Kayerkan,RU,2022-01-25 20:18:28,69.3497,87.7602,1.53,84,35,13.71
439,Endicott,US,2022-01-25 20:18:12,42.0984,-76.0494,29.98,63,100,1.01
440,Kachiry,KZ,2022-01-25 20:18:28,53.0675,76.1036,14.47,92,100,10.42
441,Vila Do Maio,CV,2022-01-25 20:18:29,15.1333,-23.2167,77.79,77,2,10.54
442,Aklavik,CA,2022-01-25 20:18:29,68.2191,-135.0107,39.2,56,75,21.85
443,Hay River,CA,2022-01-25 20:15:28,60.8156,-115.7999,13.98,79,75,13.8
444,Conakry,GN,2022-01-25 20:14:18,9.538,-13.6773,81.39,63,25,8.86
445,Prince Rupert,CA,2022-01-25 20:13:34,54.3161,-130.3201,42.82,89,100,2.71
446,Bella Union,UY,2022-01-25 20:18:29,-30.2752,-57.6007,99.07,35,54,15.64
447,Sinnamary,GF,2022-01-25 20:18:30,5.3833,-52.95,78.69,83,79,11.45
448,Porto Belo,BR,2022-01-25 20:18:30,-27.1578,-48.5531,89.69,70,33,10.27
449,Gizo,SB,2022-01-25 20:18:30,-8.103,156.8419,82.71,76,99,3.96
450,Marawi,PH,2022-01-25 20:18:31,7.9986,124.2928,65.64,93,100,3.6
451,La Asuncion,VE,2022-01-25 20:15:01,11.0333,-63.8628,83.93,65,14,18.41
452,Iralaya,HN,2022-01-25 20:18:31,15.0,-83.2333,84.29,64,3,7.23
453,Gerash,IR,2022-01-25 20:18:32,27.6652,54.1371,48.34,51,1,3.62
454,Shahr-E Kord,IR,2022-01-25 20:18:32,32.3256,50.8644,26.37,63,0,4.61
455,Tombouctou,ML,2022-01-25 20:19:32,20.0,-3.0,69.22,16,100,10.58
456,Abeche,TD,2022-01-25 20:19:33,13.8292,20.8324,73.87,16,33,9.95
457,Karaton,ID,2022-01-25 20:19:33,-6.3424,106.1045,77.16,92,100,3.15
458,Puerto Madryn,AR,2022-01-25 20:19:33,-42.7692,-65.0385,72.59,44,0,21.0
459,Shache,CN,2022-01-25 20:19:34,38.4167,77.2406,24.82,52,1,1.57
460,Urozhaynoye,RU,2022-01-25 20:19:34,44.7883,44.9228,31.95,81,99,5.12
461,Toamasina,MG,2022-01-25 20:19:34,-18.1667,49.3833,73.4,94,75,6.91
462,Banamba,ML,2022-01-25 20:19:35,13.55,-7.45,72.28,12,85,8.57
463,Sao Raimundo Nonato,BR,2022-01-25 20:19:35,-9.0153,-42.6994,81.73,58,100,3.42
464,Vallenar,CL,2022-01-25 20:19:36,-28.5708,-70.7581,84.87,32,0,10.29
465,Hegang,CN,2022-01-25 20:19:36,47.4,130.3667,2.37,98,100,1.86
466,Shirgaon,IN,2022-01-25 20:17:24,19.7,72.7,65.46,55,2,12.08
467,Osypenko,UA,2022-01-25 20:19:36,46.9136,36.8253,25.84,83,61,5.03
468,Shimoda,JP,2022-01-25 20:19:37,34.6667,138.95,41.11,86,57,7.2
469,Sungaipenuh,ID,2022-01-25 20:19:37,-2.0833,101.3833,64.56,94,100,2.08
470,College,US,2022-01-25 20:16:21,64.8569,-147.8028,21.18,74,100,17.27
471,Bubaque,GW,2022-01-25 20:19:38,11.2833,-15.8333,80.28,60,100,10.2
472,Palencia,ES,2022-01-25 20:19:38,42.4167,-4.5,38.79,73,0,5.97
473,Hilton Head Island,US,2022-01-25 20:17:44,32.2163,-80.7526,57.31,70,100,0.0
474,Dalby,AU,2022-01-25 20:19:38,-27.1833,151.2667,68.99,95,100,5.48
475,Tarbes,FR,2022-01-25 20:19:39,43.25,0.1667,44.26,86,0,4.61
476,Macau,MO,2022-01-25 20:19:39,22.2006,113.5461,66.92,82,40,6.91
477,San Pedro,PH,2022-01-25 20:15:40,14.35,121.0167,78.35,72,75,3.44
478,Alice Springs,AU,2022-01-25 20:19:39,-23.7,133.8833,76.55,83,86,0.0
479,Karasuk,RU,2022-01-25 20:19:40,53.7377,78.0403,9.45,95,100,11.27
480,Seoul,KR,2022-01-25 20:18:11,37.5683,126.9778,31.39,93,26,2.3
481,Canico,PT,2022-01-25 20:19:40,32.6333,-16.85,61.88,77,40,1.01
482,Omsukchan,RU,2022-01-25 20:19:41,62.5333,155.8,-25.26,99,100,3.44
483,Superior,US,2022-01-25 20:19:41,46.7208,-92.1041,1.08,54,0,6.91
484,Castlemaine,AU,2022-01-25 20:19:41,-37.0667,144.2167,70.29,62,0,3.42
485,Pemangkat,ID,2022-01-25 20:19:42,1.1667,108.9667,77.14,87,97,6.76
486,Pendleton,US,2022-01-25 20:19:42,45.6721,-118.7886,37.56,93,100,3.44
487,Terme,TR,2022-01-25 20:19:42,41.2092,36.9739,37.96,84,100,2.95
488,Dromolaxia,CY,2022-01-25 20:19:43,34.8761,33.586,47.86,82,75,4.61
489,Jesup,US,2022-01-25 20:19:43,31.6074,-81.8854,60.82,51,100,0.0
490,Abu Dhabi,AE,2022-01-25 20:19:43,24.4667,54.3667,67.96,81,0,5.75
491,Saint-Pierre,RE,2022-01-25 20:19:44,-21.3393,55.4781,74.88,69,40,6.91
492,Ochamchira,GE,2022-01-25 20:19:44,42.7121,41.4721,38.12,77,100,3.98
493,Nipawin,CA,2022-01-25 20:19:44,53.3668,-104.0009,-9.36,77,0,9.22
494,Roald,NO,2022-01-25 20:19:45,62.5833,6.1333,44.74,87,75,17.27
495,Fort Nelson,CA,2022-01-25 20:15:28,58.8053,-122.7002,22.59,86,40,4.61
496,Jonkoping,SE,2022-01-25 20:19:45,57.7814,14.1562,36.39,100,75,9.22
497,Inuvik,CA,2022-01-25 20:19:45,68.3499,-133.7218,39.24,86,100,9.22
498,Hun,LY,2022-01-25 20:19:46,29.1268,15.9477,49.24,62,95,11.88
499,Inhambane,MZ,2022-01-25 20:20:46,-23.865,35.3833,78.64,90,96,8.66
500,Mana,GF,2022-01-25 20:20:46,5.6592,-53.7767,79.05,80,69,10.18
501,Yulara,AU,2022-01-25 20:20:47,-25.2406,130.9889,80.44,57,92,6.91
502,Dapaong,TG,2022-01-25 20:20:47,10.8639,0.205,75.78,12,0,7.49
503,Ixtapa,MX,2022-01-25 20:20:48,20.7,-105.2,76.23,69,0,9.22
504,Silvan,TR,2022-01-25 20:20:48,38.1419,41.0081,32.29,94,96,3.71
505,Mnogovershinnyy,RU,2022-01-25 20:20:48,53.9353,139.9242,-8.27,94,26,4.34
506,Paita,PE,2022-01-25 20:20:49,-5.0892,-81.1144,75.76,72,87,12.48
507,Verkhnyaya Inta,RU,2022-01-25 20:20:49,65.9811,60.3094,21.2,81,100,21.39
508,Cairns,AU,2022-01-25 20:20:49,-16.9167,145.7667,80.06,97,100,0.0
509,Acobamba,PE,2022-01-25 20:20:50,-11.3525,-75.6594,58.24,80,97,6.49
510,Kaspiyskiy,RU,2022-01-25 20:20:50,45.3929,47.3707,32.23,90,99,9.06
511,Nogales,MX,2022-01-25 20:20:50,31.3086,-110.9422,64.96,21,20,13.71
512,Carbonia,IT,2022-01-25 20:20:50,39.1672,8.5222,50.99,85,1,2.64
513,Nzerekore,GN,2022-01-25 20:20:51,7.7562,-8.8179,74.73,23,3,3.58
514,Prince Albert,CA,2022-01-25 20:20:51,53.2001,-105.7677,-5.85,84,75,10.36
515,Vila,PT,2022-01-25 20:20:51,42.0304,-8.1588,39.33,74,1,4.07
516,Jiayuguan,CN,2022-01-25 20:20:52,39.8167,98.3,17.15,49,12,2.42
517,Tucuman,AR,2022-01-25 20:20:38,-26.8241,-65.2226,82.4,78,75,9.22
518,Okitipupa,NG,2022-01-25 20:20:52,6.5047,4.7839,73.15,69,3,2.42
519,Chapaevsk,RU,2022-01-25 20:20:53,52.9813,49.7112,4.21,97,93,5.7
520,Aversa,IT,2022-01-25 20:20:53,40.9732,14.2049,44.49,58,0,3.44
521,Trenggalek,ID,2022-01-25 20:20:53,-8.05,111.7167,76.77,89,100,3.31
522,Shingu,JP,2022-01-25 20:20:54,33.7333,135.9833,41.76,86,14,5.48
523,Taga,RO,2022-01-25 20:20:54,46.95,24.05,18.48,97,100,1.12
524,High Rock,BS,2022-01-25 20:20:54,26.6208,-78.2833,69.82,57,100,4.79
525,San Luis De La Paz,MX,2022-01-25 20:20:55,21.3,-100.5167,69.62,26,4,15.43
526,Gualeguaychu,AR,2022-01-25 20:18:08,-33.0094,-58.5172,76.89,94,100,6.62
527,Yakeshi,CN,2022-01-25 20:20:55,49.2833,120.7333,-6.07,100,99,2.95
528,Sibolga,ID,2022-01-25 20:20:55,1.7427,98.7792,76.42,89,100,2.3
529,San Luis,AR,2022-01-25 20:20:56,-33.295,-66.3356,87.64,45,56,7.58
530,Rodez,FR,2022-01-25 20:20:56,44.5,2.5833,35.91,86,0,3.44
531,Venado Tuerto,AR,2022-01-25 20:20:57,-33.7456,-61.9688,86.77,55,85,13.56
532,Zhuanghe,CN,2022-01-25 20:20:57,39.7008,122.9911,24.84,49,0,7.29
533,Van,TR,2022-01-25 20:20:57,38.4924,43.3831,25.95,59,40,8.05
534,Plettenberg Bay,ZA,2022-01-25 20:20:58,-34.0527,23.3716,67.14,92,99,5.55
535,Thohoyandou,ZA,2022-01-25 20:20:06,-22.9456,30.485,69.76,80,100,6.55
536,Takoradi,GH,2022-01-25 20:20:58,4.8845,-1.7554,79.7,82,2,6.89
537,Kadoma,JP,2022-01-25 20:20:58,34.7333,135.5833,39.18,82,20,4.61
538,Brooks,CA,2022-01-25 20:20:59,50.5834,-111.8851,39.83,81,94,11.5
539,Merauke,ID,2022-01-25 20:20:59,-8.4667,140.3333,78.55,91,100,6.71
540,Portmore,JM,2022-01-25 20:20:59,17.9702,-76.8672,82.02,78,75,13.8
541,Poum,NC,2022-01-25 20:21:00,-20.2333,164.0167,79.29,74,98,12.68
542,Toyooka,JP,2022-01-25 20:21:00,35.5333,134.8333,34.65,89,100,3.56
543,Lincoln,US,2022-01-25 20:17:55,40.8,-96.667,24.15,54,40,1.99
544,Leh,IN,2022-01-25 20:22:00,34.1667,77.5833,-5.31,87,100,3.33
545,Senovo,SI,2022-01-25 20:22:01,46.0236,15.4769,33.42,85,12,0.0
546,Basco,PH,2022-01-25 20:22:01,20.4487,121.9702,74.62,79,98,23.6
547,Dunedin,NZ,2022-01-25 20:22:01,-45.8742,170.5036,59.45,67,0,3.96
548,Esik,KZ,2022-01-25 20:22:02,43.3552,77.4525,22.42,61,89,5.91
549,Buala,SB,2022-01-25 20:22:02,-8.145,159.5921,79.66,86,100,7.11
550,Erdenet,MN,2022-01-25 20:19:50,49.0333,104.0833,-9.09,97,6,3.67
551,Ogbomosho,NG,2022-01-25 20:22:02,8.133,4.25,78.78,15,1,5.7
552,Urengoy,RU,2022-01-25 20:22:03,65.9667,78.3667,-3.15,98,91,12.91
553,Bollnas,SE,2022-01-25 20:22:03,61.3482,16.3946,28.33,82,98,5.3
554,Peachtree City,US,2022-01-25 20:22:03,33.3968,-84.5958,61.3,52,100,1.99
555,Nome,US,2022-01-25 20:22:04,64.5011,-165.4064,-20.27,100,100,3.11
556,Ehingen,DE,2022-01-25 20:22:04,48.2826,9.7275,29.73,91,0,1.99
557,Yar-Sale,RU,2022-01-25 20:22:04,66.8333,70.8333,8.17,89,100,20.11
558,Parana,AR,2022-01-25 20:22:05,-31.732,-60.5238,77.52,90,100,8.86
559,Klaksvik,FO,2022-01-25 20:22:05,62.2266,-6.589,41.92,76,7,44.11
560,Saraza,PH,2022-01-25 20:22:05,8.7356,117.78,78.15,88,96,3.83
561,Khuzdar,PK,2022-01-25 20:22:06,27.7384,66.6434,44.76,25,0,7.76
562,Saint-Georges,GD,2022-01-25 20:22:06,12.0564,-61.7485,85.68,62,20,25.32
563,Oshnaviyeh,IR,2022-01-25 20:22:07,37.0397,45.0983,19.65,80,99,6.17
564,Sibu,MY,2022-01-25 20:22:07,2.3,111.8167,73.71,100,40,1.14
565,Bilsanda,IN,2022-01-25 20:19:32,28.25,79.95,48.0,80,10,6.29
566,Russell,US,2022-01-25 20:22:08,32.3502,-85.1999,60.4,39,100,0.0
567,Wajima,JP,2022-01-25 20:22:08,37.4,136.9,40.12,76,100,5.66
568,Vikarabad,IN,2022-01-25 20:22:08,17.3333,77.9,63.99,51,2,8.48
569,San Jose De Guanipa,VE,2022-01-25 20:22:09,8.8872,-64.1651,85.64,46,97,9.71
570,Abdanan,IR,2022-01-25 20:22:09,32.9926,47.4198,47.84,59,0,3.83
571,Hambantota,LK,2022-01-25 20:22:09,6.1241,81.1185,72.75,84,81,9.6
572,Mahajanga,MG,2022-01-25 20:22:10,-15.7167,46.3167,77.02,88,40,4.61
573,Nantucket,US,2022-01-25 20:22:10,41.2835,-70.0995,43.14,68,62,15.08
574,Santa Cruz,BO,2022-01-25 20:19:19,-17.8,-63.1667,95.05,43,40,14.97
575,Gunnedah,AU,2022-01-25 20:22:10,-30.9833,150.25,71.22,88,93,2.35
576,Sitka,US,2022-01-25 20:22:11,57.0531,-135.33,39.09,87,100,4.61
577,Sakakah,SA,2022-01-25 20:22:11,29.9697,40.2064,49.57,40,0,6.53
578,Bekeshevskaya,RU,2022-01-25 20:22:11,44.1139,42.4269,24.17,90,100,3.27
579,Luganville,VU,2022-01-25 20:22:12,-15.5333,167.1667,80.29,81,94,3.06
580,Presidencia Roque Saenz Pena,AR,2022-01-25 20:22:12,-26.7852,-60.4388,108.59,20,56,10.54
581,Newcastle,AU,2022-01-25 20:21:25,-32.9272,151.7765,68.72,94,75,0.0
582,Oktyabrskoye,RU,2022-01-25 20:22:12,43.0645,44.7417,22.35,92,57,4.47
583,Imbituba,BR,2022-01-25 20:22:13,-28.24,-48.6703,85.89,64,51,19.26
584,Yongan,CN,2022-01-25 20:22:13,39.6957,113.6871,15.12,69,99,1.59
585,Dunmore Town,BS,2022-01-25 20:22:13,25.5,-76.65,71.04,64,4,2.71
586,Damavand,IR,2022-01-25 20:22:14,35.7178,52.065,28.24,41,0,6.71
587,Katangli,RU,2022-01-25 20:22:14,51.7102,143.2326,-5.67,98,17,9.22
